{
  "sizes": {"t": 3, "c": 7, "y": 2304, "x": 2304, "z": 41},
  "pixel_microns": 0.26, "pixel_microns_z": 0.9,
  "xy_pos":
  [
    [0.0, 3686.2499422069695],
    [19.28344211976195, 1843.0664655145292],
    [38.61368871068837, 0.0]
  ]
}